{"AAPL": 0.28497897299425207, "BA": 0.01810107648251659, "CAT": 0.009114102365703154, "FB": 0.023574665418561427, "GE": 0.0330365146427014, "GOOGL": 0.008457570598978515, "GS": 0.02634803885321254, "MSFT": 0.0007168397658897361, "NVDA": 0.0888919223192844, "SBUX": 0.1272315443871363, "WFC": 0.0869068168324687, "X": 0.29264193533929517}