{
  "AAPL": 0.27500090205397926,
  "BA": 0.019151023825791987,
  "EBAY": 0.01627664734877353,
  "FB": 0.016799669266902184,
  "GE": 0.03485644154789383,
  "GOOGL": 0.008221410379559903,
  "GS": 0.02933608000709205,
  "JPM": 0.0003390929114894687,
  "NVDA": 0.08935634661206564,
  "SBUX": 0.13782631865473413,
  "WFC": 0.10887604852024592,
  "X": 0.2639600188714721
}